Cid,Duration,Event,DM,Sex,Age,Freq,Amount
1,27,1,0,1,38,2,8.53
2,31,1,1,0,47,2,8.37
3,36,1,1,0,54,4,8.28
4,35,1,1,1,65,2,8.5
5,31,1,0,0,17,2,8.28
6,27,1,1,1,41,4,8.25
7,51,1,0,1,24,3,8.21
8,24,1,0,0,44,3,8.06
9,11,1,0,0,28,1,7.97
10,47,1,1,0,58,2,8.55
11,25,1,0,1,36,1,8.37
12,14,1,0,1,29,1,8.41
13,54,0,0,0,47,3,8.08
14,39,1,0,1,52,2,8.56
15,34,1,0,0,40,2,8.56
16,15,1,1,1,23,2,8.62
17,54,1,1,0,70,3,8.02
18,43,1,0,0,56,1,8.67
19,37,1,0,0,64,3,8.56
20,41,1,0,1,32,1,7.98
21,28,1,1,0,58,1,8.66
22,40,1,0,0,45,2,8.55
23,28,1,0,0,63,3,8.23
24,42,1,0,0,54,5,8.34
25,24,1,1,1,33,1,8.42
26,31,1,0,0,26,2,8.4
27,26,1,1,0,38,1,7.84
28,46,1,1,1,53,3,8.19
29,31,1,1,0,31,2,8.2
30,31,1,0,0,59,2,8.38
31,18,1,1,0,33,3,8.52
32,42,1,1,0,50,2,7.97
33,18,1,0,0,31,2,8.31
34,20,1,0,0,59,3,8.31
35,43,1,0,1,43,2,8.33
36,26,1,1,0,64,2,8.02
37,29,1,1,1,51,1,8.38
38,29,1,1,0,51,1,7.72
39,49,1,0,0,70,3,8.5
40,19,1,1,1,23,1,8.52
41,35,1,0,0,69,3,8.27
42,25,1,1,0,33,1,8.37
43,24,1,0,0,25,1,7.59
44,36,1,0,1,38,3,8.81
45,18,1,0,1,31,4,7.98
46,32,1,0,0,20,1,8.01
47,17,1,1,0,30,3,8.65
48,25,1,1,1,19,4,7.89
49,28,1,0,0,52,2,7.65
50,26,1,0,0,29,2,8.06
51,37,1,0,0,47,1,8.57
52,27,1,1,0,65,2,8.25
53,34,1,1,0,24,1,8.5
54,34,1,0,0,26,1,8.61
55,54,0,1,0,64,4,8.27
56,28,1,1,0,17,2,8.09
57,29,1,1,1,25,4,8.14
58,17,1,1,0,26,1,7.98
59,35,1,1,0,47,4,8.47
60,54,0,1,0,67,7,7.02
61,36,1,1,0,53,1,8.26
62,48,1,0,0,58,1,7.86
63,25,1,0,0,30,2,7.82
64,43,1,0,0,51,3,8.18
65,23,1,1,0,25,2,8.15
66,29,1,1,1,40,2,8.57
67,44,1,1,0,45,4,7.92
68,34,1,1,0,35,4,8.19
69,39,1,1,1,65,2,8.4
70,12,1,1,1,19,2,8.51
71,24,1,1,1,52,2,8.5
72,54,0,1,0,65,2,8.51
73,32,1,1,0,47,3,8.02
74,41,1,1,1,65,2,8.31
75,34,1,1,1,54,2,8.07
76,28,1,0,0,31,3,8.4
77,38,1,1,0,34,1,8.56
78,41,1,1,0,41,2,8.25
79,26,1,1,1,38,3,8.51
80,32,1,0,0,42,2,7.42
81,26,1,0,0,68,1,8.59
82,34,1,1,1,20,6,7.93
83,36,1,0,0,68,4,8.45
84,15,1,1,0,21,2,8.41
85,40,1,0,0,24,4,8.55
86,27,1,0,1,29,3,8.32
87,27,1,0,1,46,2,8.1
88,32,1,1,0,34,2,7.89
89,27,1,1,1,24,1,8.43
90,40,1,0,0,47,3,8.28
91,20,1,1,1,21,2,8.48
92,35,1,0,0,46,2,8.31
93,50,1,1,1,55,1,8.23
94,41,1,0,0,46,4,8.24
95,23,1,1,0,36,1,7.93
96,22,1,1,1,40,1,8.45
97,35,1,0,0,57,2,8.65
98,22,1,0,1,60,2,8.15
99,26,1,0,0,23,2,8.35
100,19,1,0,1,25,3,8.39
101,22,1,0,0,26,2,8.44
102,16,1,0,0,20,3,8.15
103,22,1,0,0,23,2,8.07
104,23,1,0,1,60,3,8.61
105,13,1,1,0,17,2,8.18
106,27,1,1,1,49,1,8.44
107,46,1,1,1,33,3,8.29
108,17,1,1,0,33,1,8.44
109,38,1,0,0,65,2,8.13
110,26,1,0,0,22,3,8.45
111,41,1,1,0,64,3,8.31
112,28,1,1,0,22,2,8.54
113,22,1,1,0,51,1,8.06
114,40,1,1,1,34,1,7.96
115,28,1,0,1,49,5,8.17
116,52,1,1,0,62,4,8.38
117,23,1,0,1,27,1,7.26
118,36,1,1,1,59,1,8.03
119,33,1,0,0,61,2,8.43
120,46,1,0,1,65,1,8.22
121,43,1,1,0,60,3,7.88
122,12,1,1,1,19,1,8.62
123,14,1,0,1,21,1,7.49
124,49,1,0,1,26,2,8.33
125,40,1,1,1,38,3,8.46
126,47,1,1,1,32,5,8.7
127,29,1,1,1,66,3,8.7
128,45,1,1,0,51,2,8.52
129,28,1,0,1,26,2,8.65
130,23,1,0,1,55,1,8.5
131,36,1,1,1,25,3,8.49
132,32,1,0,0,67,1,8.57
133,3,1,1,1,23,2,8.1
134,24,1,1,0,23,1,8.24
135,18,1,0,0,56,3,8.08
136,32,1,0,0,65,1,8.74
137,24,1,0,0,33,2,8.3
138,21,1,0,1,36,1,7.44
139,29,1,1,0,29,1,8.3
140,30,1,1,0,37,1,7.64
141,42,1,1,0,58,1,8.23
142,43,1,1,1,39,3,8.29
143,41,1,1,0,47,2,7.57
144,37,1,0,0,51,4,8.03
145,13,1,1,0,43,2,7.71
146,13,1,0,0,21,1,8.56
147,47,1,1,0,60,4,8.51
148,20,1,0,1,17,3,8.22
149,32,1,0,1,54,2,8.58
150,30,1,0,0,36,7,8.7
151,39,1,1,0,66,1,8.79
152,19,1,1,0,30,2,8.4
153,47,1,0,0,70,2,8.13
154,42,1,0,0,25,2,8.65
155,48,1,1,0,59,1,8.14
156,37,1,1,1,64,3,7.93
157,45,1,0,0,38,7,8.09
158,22,1,0,1,28,1,8.47
159,23,1,0,0,54,1,8.18
160,15,1,0,0,24,2,8.3
161,36,1,1,1,40,2,7.81
162,20,1,0,0,41,2,7.91
163,31,1,0,0,47,3,8.31
164,46,1,0,0,59,4,8.26
165,43,1,1,0,58,2,8.57
166,30,1,0,0,42,3,8.43
167,42,1,1,0,51,2,8.27
168,32,1,0,0,64,6,8.67
169,25,1,0,0,48,2,8
170,15,1,0,1,34,1,8.18
171,21,1,1,0,27,4,8.4
172,20,1,0,0,58,2,7.8
173,37,1,0,0,44,7,7.67
174,21,1,1,0,69,2,8.29
175,30,1,1,0,51,2,8.33
176,46,1,1,0,27,1,7.78
177,50,1,0,0,56,2,8.13
178,12,1,1,0,19,3,8.42
179,26,1,0,0,48,2,8.28
180,35,1,1,0,65,2,8.32
181,35,1,0,0,63,4,8.02
182,25,1,1,1,47,2,8.5
183,28,1,1,0,60,1,8.39
184,34,1,0,1,44,2,8.38
185,34,1,1,0,22,2,8.64
186,31,1,0,0,19,2,8.68
187,51,1,1,0,62,3,7.78
188,23,1,0,1,32,4,8.45
189,20,1,1,0,37,3,8.2
190,49,1,0,0,47,2,8.35
191,40,1,1,1,59,1,8.52
192,21,1,1,0,32,1,8.25
193,31,1,1,1,18,1,8.26
194,37,1,1,0,67,2,8.52
195,20,1,0,1,18,2,8.38
196,40,1,0,0,29,1,8.57
197,32,1,0,0,40,2,8.14
198,47,1,0,1,64,3,8.4
199,40,1,0,1,20,1,7.72
200,45,1,1,0,30,3,8.43
201,15,1,1,1,47,3,8.51
202,24,1,0,0,31,2,7.84
203,48,1,0,1,55,4,8.33
204,11,1,0,1,23,2,7.44
205,38,1,1,0,42,1,8.23
206,25,1,0,1,34,2,8.22
207,30,1,0,0,58,1,8.25
208,29,1,0,0,41,2,8.34
209,40,1,1,1,21,2,8.15
210,35,1,0,0,37,2,8.56
211,25,1,1,0,41,3,8.41
212,50,1,1,0,46,3,7.76
213,11,1,0,0,20,1,8.41
214,41,1,1,0,65,2,8.36
215,28,1,0,0,30,3,7.71
216,18,1,1,0,18,2,8.59
217,35,1,1,1,51,2,8.28
218,22,1,0,0,25,2,8.41
219,54,0,0,1,47,2,8.65
220,38,1,1,1,48,2,8.34
221,32,1,1,1,68,1,8.3
222,52,1,1,0,70,1,8.41
223,35,1,0,0,59,3,8.43
224,37,1,0,1,62,1,8.77
225,35,1,1,1,49,1,8.41
226,51,1,0,1,69,3,8.33
227,43,1,1,0,61,2,8.13
228,33,1,1,1,66,2,8.32
229,51,1,1,1,36,2,8.62
230,46,1,1,0,70,3,8.14
231,23,1,1,1,45,1,8.27
232,41,1,1,0,21,2,8.41
233,42,1,0,1,34,4,8.03
234,46,1,0,0,62,3,8.39
235,47,1,0,1,63,4,8.76
236,38,1,0,0,44,3,8.05
237,35,1,0,0,55,6,8.55
238,17,1,1,1,41,2,8.03
239,25,1,1,0,22,1,8.3
240,32,1,1,0,66,1,8.1
241,35,1,0,1,69,2,8.21
242,45,1,1,0,52,3,8.47
243,21,1,0,1,40,3,8.16
244,35,1,1,1,45,3,8.12
245,28,1,1,0,32,1,8.36
246,38,1,1,0,36,3,7.99
247,20,1,1,1,27,4,8.34
248,16,1,0,0,31,3,8.09
249,7,1,1,0,29,1,8.05
250,46,1,0,1,46,3,8.37
251,39,1,1,1,36,2,8.1
252,26,1,1,0,49,1,8.16
253,40,1,1,0,63,5,8.51
254,44,1,0,1,33,2,8.38
255,34,1,1,0,62,1,8.54
256,33,1,1,1,62,1,7.76
257,45,1,1,0,63,2,8.15
258,33,1,1,0,35,4,8.35
259,22,1,1,1,31,6,8.25
260,20,1,1,0,57,1,7.99
261,29,1,0,0,56,1,8
262,19,1,0,1,57,2,8.29
263,31,1,0,0,60,2,8.56
264,33,1,0,1,42,1,8.62
265,23,1,0,1,59,3,8.17
266,38,1,1,0,70,6,8.38
267,23,1,0,1,66,2,8.54
268,30,1,0,0,47,1,8.59
269,19,1,0,0,49,2,7.99
270,34,1,1,1,51,1,8.53
271,20,1,1,0,29,1,8.56
272,11,1,0,0,42,1,8.25
273,33,1,1,1,42,1,7.79
274,16,1,1,1,55,2,8.57
275,42,1,0,0,48,2,8.13
276,38,1,0,0,37,2,8.31
277,32,1,0,0,41,3,8.05
278,40,1,0,0,32,3,8.21
279,28,1,1,0,36,4,8.17
280,15,1,0,0,37,1,8.43
281,38,1,0,0,68,2,7.98
282,46,1,1,0,67,3,7.68
283,29,1,1,0,56,5,7.64
284,36,1,0,1,51,1,8.36
285,34,1,1,0,40,4,8.06
286,42,1,1,0,46,5,8.24
287,22,1,1,0,40,1,8.18
288,22,1,1,1,43,1,7.75
289,48,1,0,1,55,6,8.05
290,27,1,1,0,56,2,8.38
291,30,1,0,0,21,1,8.7
292,46,1,0,0,60,2,8.24
293,29,1,1,0,25,3,8.41
294,37,1,1,1,19,2,8.5
295,29,1,1,0,17,3,8.33
296,33,1,1,0,24,2,8.37
297,50,1,1,1,47,3,8.29
298,27,1,0,0,23,2,8.39
299,16,1,1,0,24,1,8.15
300,21,1,0,0,20,1,8.32
301,26,1,1,1,50,4,8.41
302,45,1,1,0,60,4,8.77
303,10,1,0,0,18,1,8.23
304,36,1,0,0,38,1,8.4
305,25,1,1,1,28,3,8.56
306,25,1,0,0,44,2,8.25
307,33,1,1,1,31,3,7.92
308,40,1,1,1,43,1,8.02
309,44,1,1,1,54,1,8.19
310,42,1,1,1,39,4,8.19
311,38,1,1,1,46,3,8.28
312,42,1,1,0,68,3,8.41
313,10,1,0,0,23,2,8.3
314,19,1,1,1,44,1,8.34
315,50,1,1,0,66,2,8.1
316,28,1,1,1,29,2,8.12
317,35,1,0,0,40,2,8.59
318,18,1,0,1,39,1,8.49
319,22,1,0,0,23,1,7.95
320,30,1,1,0,25,3,8.22
321,29,1,0,0,35,2,8.32
322,33,1,0,0,66,2,8.78
323,28,1,0,0,69,2,8.63
324,35,1,0,0,49,4,8.22
325,35,1,1,0,49,2,8.16
326,27,1,1,1,27,2,8.51
327,26,1,0,0,26,3,8.2
328,33,1,0,0,17,4,8.31
329,23,1,0,1,43,1,8.29
330,45,1,1,0,31,2,8.13
331,30,1,1,0,30,3,8.19
332,53,1,0,0,58,4,8.24
333,52,1,0,0,54,6,8.52
334,3,1,0,1,26,2,7.83
335,20,1,0,0,28,2,8.26
336,24,1,1,0,42,2,8.48
337,12,1,0,0,52,1,8.26
338,24,1,1,0,32,1,8.17
339,36,1,1,0,23,1,8.61
340,18,1,0,0,47,1,8.15
341,50,1,0,1,66,3,8.47
342,25,1,0,0,28,2,8.53
343,39,1,1,1,62,5,8.61
344,35,1,1,1,63,2,8.1
345,23,1,0,0,59,4,8.26
346,26,1,1,1,51,2,8.35
347,38,1,0,0,44,4,7.9
348,17,1,1,0,62,3,7.7
349,22,1,0,0,33,1,8.01
350,49,1,1,1,64,2,8.61
351,18,1,0,0,24,1,7.99
352,47,1,0,0,54,3,8.43
353,19,1,0,0,47,3,8.45
354,46,1,0,0,62,4,8.58
355,50,1,1,0,20,4,8.45
356,25,1,0,0,28,1,7.93
357,27,1,0,0,44,5,8.27
358,25,1,0,1,40,1,8.01
359,30,1,1,0,34,2,8.24
360,35,1,0,1,38,2,8.54
361,34,1,1,1,26,1,8.48
362,31,1,1,0,38,3,8.21
363,54,0,0,1,27,5,7.56
364,40,1,1,0,45,2,8.4
365,40,1,1,0,35,5,7.97
366,54,0,1,0,41,3,8.64
367,38,1,1,1,65,2,8.38
368,22,1,1,0,33,6,8.29
369,27,1,0,1,20,1,8.42
370,21,1,0,0,44,2,8.18
371,15,1,1,1,40,4,7.76
372,38,1,1,0,42,4,8.54
373,54,0,0,0,68,2,8.28
374,22,1,1,1,32,1,8.26
375,22,1,1,0,23,2,8.58
376,40,1,0,1,31,1,8.49
377,35,1,1,0,31,2,8.36
378,32,1,1,0,48,1,7.96
379,10,1,0,0,21,3,8.3
380,36,1,0,1,49,2,8.36
381,41,1,0,0,45,2,8.19
382,32,1,1,0,26,1,8.22
383,36,1,0,0,51,2,8.79
384,36,1,0,0,67,2,8.12
385,38,1,0,1,46,1,8.05
386,20,1,0,1,33,4,8.55
387,26,1,1,1,37,1,8.06
388,21,1,0,0,46,1,8.43
389,44,1,0,0,56,2,8.15
390,34,1,1,0,50,3,8.02
391,29,1,0,1,46,1,8.39
392,49,1,0,1,51,3,8.35
393,38,1,0,0,24,2,8.14
394,25,1,0,0,22,1,7.99
395,38,1,0,0,27,2,8.39
396,46,1,1,0,65,2,7.39
397,27,1,1,0,70,2,8.3
398,24,1,0,0,61,2,8.58
399,39,1,1,0,49,3,8.52
400,37,1,1,1,60,1,8.08
401,50,1,0,0,56,2,8.07
402,34,1,1,1,45,2,8.29
403,29,1,0,0,36,1,8.35
404,37,1,0,1,53,5,8.39
405,13,1,1,0,26,4,8.63
406,27,1,0,1,37,1,8.37
407,20,1,0,0,48,1,7.75
408,25,1,0,1,38,3,8.42
409,34,1,0,1,43,1,8.23
410,26,1,0,1,62,1,8.43
411,54,0,1,1,29,4,8.51
412,8,1,0,1,28,1,8.3
413,23,1,1,1,22,2,8.01
414,19,1,1,0,56,6,7.78
415,28,1,0,1,43,1,7.43
416,21,1,0,0,26,3,8.53
417,25,1,1,1,51,4,8.41
418,33,1,1,0,42,6,8.24
419,43,1,1,0,28,3,8.56
420,9,1,0,1,46,2,8.39
421,31,1,1,0,41,3,8.23
422,40,1,1,0,60,2,7.64
423,32,1,0,1,52,5,8.05
424,20,1,0,1,61,1,7.91
425,24,1,1,0,29,1,7.95
426,29,1,0,0,35,2,8.62
427,32,1,0,1,50,2,8.15
428,52,1,1,0,55,3,8.31
429,39,1,1,1,35,5,8.01
430,48,1,0,0,57,1,8.56
431,54,0,0,0,45,3,8.14
432,19,1,0,0,22,1,8.28
433,53,1,1,0,57,4,8.26
434,41,1,0,0,59,2,8.04
435,21,1,0,1,34,3,8.07
436,38,1,0,0,64,2,8.26
437,42,1,1,0,23,4,8.22
438,39,1,0,1,62,3,8.7
439,12,1,1,0,63,2,7.81
440,23,1,0,0,69,1,8.36
441,45,1,1,0,50,3,8.25
442,28,1,1,0,59,2,8.4
443,44,1,1,0,55,2,8.42
444,28,1,1,0,59,2,8.27
445,28,1,1,1,21,3,8.35
446,25,1,0,0,49,2,8.06
447,43,1,0,0,69,3,8.41
448,36,1,0,1,27,5,8.54
449,30,1,1,1,23,1,8.3
450,50,1,1,0,70,1,8.82
451,28,1,0,1,60,3,8.32
452,15,1,0,0,32,2,8.28
453,17,1,1,0,26,1,8.59
454,50,1,1,0,41,1,8.11
455,33,1,0,0,40,4,8.5
456,31,1,0,1,45,2,8.54
457,39,1,0,1,29,2,8.28
458,23,1,1,0,41,4,8.61
459,20,1,0,0,31,3,8.38
460,21,1,0,1,50,1,7.97
461,39,1,1,1,32,1,8.01
462,29,1,1,1,30,2,7.93
463,40,1,1,1,53,2,8.28
464,30,1,1,1,29,1,8.46
465,17,1,1,0,23,4,8.33
466,10,1,0,1,39,2,7.64
467,28,1,0,1,38,4,8.36
468,29,1,1,0,41,4,8.34
469,24,1,1,0,60,1,8.27
470,31,1,0,0,22,1,8.26
471,10,1,1,0,34,2,8.13
472,19,1,0,0,26,3,8.44
473,44,1,1,0,38,4,8.23
474,36,1,0,1,48,1,8.64
475,27,1,1,0,45,3,8.3
476,25,1,0,0,49,2,8.09
477,39,1,1,0,50,3,8.5
478,38,1,1,1,62,2,8.28
479,41,1,1,1,62,2,8.18
480,31,1,0,0,48,7,7.8
481,48,1,0,0,32,4,8.12
482,41,1,0,0,65,2,7.67
483,30,1,0,0,55,4,7.91
484,28,1,1,0,35,2,8.26
485,37,1,1,1,63,2,8.2
486,31,1,1,0,61,1,7.85
487,45,1,1,1,52,2,8.17
488,31,1,0,0,61,2,8.07
489,28,1,1,0,33,1,8.48
490,33,1,1,1,49,1,8.51
491,37,1,0,0,21,4,8.24
492,28,1,0,0,34,2,8.25
493,37,1,1,0,36,2,8
494,9,1,1,0,18,2,8.11
495,40,1,1,0,36,1,8.27
496,37,1,0,1,39,3,7.64
497,52,1,1,0,70,2,8.61
498,39,1,1,0,35,1,8.19
499,33,1,1,1,33,3,8.49
500,16,1,1,1,25,4,7.7
501,35,1,0,0,61,1,8.11
502,10,1,1,1,47,2,8.47
503,46,1,0,0,57,4,8.02
504,20,1,0,1,56,2,8.16
505,39,1,1,0,50,2,8.55
506,32,1,1,0,64,1,7.97
507,28,1,1,1,66,3,8.44
508,23,1,1,1,45,3,8.07
509,14,1,0,0,28,3,8.46
510,42,1,1,0,65,2,8.62
511,31,1,0,1,45,2,8.38
512,7,1,1,0,17,1,8.15
513,37,1,0,1,57,2,7.79
514,35,1,0,0,28,2,8.58
515,28,1,0,0,17,1,7.56
516,46,1,0,0,68,2,8.14
517,38,1,1,1,41,3,8.47
518,37,1,1,0,66,2,7.63
519,35,1,1,0,48,1,8.52
520,22,1,1,0,39,5,8.03
521,50,1,0,0,27,3,8.57
522,28,1,0,1,57,2,8.23
523,31,1,1,0,22,2,8.51
524,45,1,0,0,68,4,7.58
525,29,1,1,0,63,2,7.89
526,9,1,1,0,67,1,8.49
527,14,1,0,0,37,1,8.34
528,33,1,1,1,63,5,7.85
529,36,1,0,1,23,1,8.51
530,17,1,0,1,34,1,8
531,27,1,0,1,62,2,8.42
532,13,1,0,1,22,2,8.11
533,24,1,1,1,42,5,7.48
534,45,1,1,1,45,3,8.61
535,31,1,0,0,49,3,8.58
536,27,1,0,0,51,1,8.45
537,19,1,0,0,31,5,8.44
538,39,1,1,0,64,2,8.61
539,45,1,1,0,52,3,8.46
540,35,1,0,0,42,2,7.99
541,46,1,1,1,48,2,8.2
542,29,1,0,0,34,1,8.26
543,24,1,1,1,22,4,8.53
544,32,1,0,1,50,1,8.52
545,42,1,0,0,59,3,8.18
546,32,1,0,0,62,3,7.72
547,43,1,1,0,39,4,8.6
548,38,1,0,1,66,2,7.66
549,22,1,1,0,55,1,8.45
550,25,1,1,1,65,6,7.98
551,54,0,1,0,46,1,8.29
552,16,1,1,0,48,1,8.2
553,9,1,0,1,40,2,8.47
554,18,1,1,1,21,4,8.38
555,23,1,0,0,20,3,8.55
556,14,1,0,0,22,1,8.2
557,32,1,1,0,49,2,8.44
558,45,1,0,1,19,1,8.58
559,35,1,0,0,60,3,7.64
560,26,1,1,0,29,1,8.21
561,37,1,1,1,44,2,8.2
562,37,1,0,0,44,4,8.26
563,29,1,0,1,23,1,8.4
564,30,1,0,0,63,1,8.12
565,34,1,0,1,45,2,8.27
566,32,1,0,1,56,1,8.26
567,10,1,1,0,22,1,8.45
568,35,1,0,0,61,3,8.64
569,26,1,1,0,30,2,8.11
570,33,1,1,1,48,2,8.26
571,26,1,0,0,20,3,8.08
572,24,1,1,0,32,3,7.71
573,31,1,1,1,25,1,7.95
574,23,1,1,0,19,3,8.17
575,21,1,0,0,51,2,8.45
576,40,1,0,1,63,1,8.15
577,34,1,0,0,57,2,8.09
578,54,0,1,0,64,3,8.21
579,19,1,0,1,43,1,8.55
580,40,1,1,0,61,2,7.99
581,13,1,0,1,34,4,7.86
582,33,1,1,1,62,2,8.25
583,44,1,1,0,40,4,8.22
584,23,1,1,0,23,3,8.7
585,21,1,0,1,59,2,8.66
586,26,1,1,1,28,1,8.27
587,42,1,0,0,56,1,8.16
588,36,1,1,0,60,5,8.26
589,31,1,0,0,53,2,8.03
590,14,1,0,1,17,5,8.54
591,23,1,1,0,44,1,8.03
592,35,1,1,1,67,1,8.04
593,29,1,1,0,52,2,7.53
594,34,1,0,0,62,4,7.81
595,43,1,1,0,67,6,8.07
596,31,1,0,1,60,1,8.74
597,38,1,1,1,53,2,7.82
598,42,1,0,0,30,2,8.33
599,22,1,1,0,51,1,8.17
600,14,1,0,0,50,2,8.44
601,23,1,1,1,32,1,8.38
602,16,1,0,1,33,1,8.46
603,32,1,1,0,32,2,7.57
604,40,1,1,0,40,1,8.65
605,21,1,0,0,24,2,8.5
606,18,1,0,0,33,1,7.99
607,16,1,0,1,31,2,8.17
608,42,1,1,0,58,2,8.07
609,36,1,1,1,19,1,8.02
610,22,1,1,1,38,1,8.24
611,14,1,0,0,36,3,8.46
612,7,1,1,0,19,2,8.09
613,26,1,0,0,19,2,8.64
614,34,1,1,1,30,2,8.07
615,25,1,0,1,70,3,8.21
616,26,1,1,0,20,1,7.28
617,23,0,1,0,55,2,7.11
618,25,1,1,1,37,2,8.21
619,25,1,1,0,50,2,8.33
620,29,1,1,1,47,3,8.29
621,41,1,0,1,61,2,7.57
622,29,1,0,0,48,1,8.69
623,22,1,0,1,27,1,8.13
624,38,1,0,0,30,3,8.55
625,26,1,1,0,35,3,8.02
626,49,1,0,0,40,1,7.99
627,17,1,0,0,23,1,8.89
628,31,1,1,1,18,1,8.35
629,20,1,1,0,21,1,7.97
630,27,1,1,0,47,1,8.37
631,44,1,0,1,41,3,8.24
632,9,1,0,1,39,2,8.41
633,50,1,1,0,50,2,8.57
634,15,1,1,0,21,2,8.33
635,26,1,0,0,49,1,8.31
636,49,1,1,1,24,1,8.69
637,13,1,0,0,20,5,8.24
638,21,1,1,0,23,1,8.13
639,29,1,0,0,53,1,8.52
640,17,1,1,1,41,1,8.29
641,28,1,0,0,36,2,8.55
642,33,1,1,1,67,1,8.49
643,31,1,0,0,27,3,8.23
644,25,1,0,0,36,2,8.23
645,36,1,1,1,60,1,8.45
646,50,1,1,0,34,3,8.39
647,40,1,1,1,51,1,8.35
648,50,1,0,0,65,3,7.51
649,31,1,1,0,41,2,8.55
650,29,1,1,0,69,1,8.77
651,22,1,1,0,59,1,8.12
652,40,1,1,1,63,2,8.19
653,39,1,0,0,51,1,7.82
654,28,1,1,0,35,1,8.3
655,8,1,1,1,31,4,8.37
656,36,1,1,0,41,4,8.18
657,37,1,0,0,28,2,7.95
658,21,1,0,0,52,2,8.54
659,29,1,0,1,19,2,8.43
660,43,1,1,1,52,2,8.53
661,3,1,0,0,21,2,8.46
662,29,1,1,0,59,1,8.43
663,34,1,0,0,51,1,8.16
664,34,1,1,1,20,2,8.22
665,19,1,0,0,29,1,8.49
666,28,1,0,0,62,4,7.58
667,38,1,0,0,33,4,8.6
668,25,1,1,1,20,1,8.33
669,36,1,0,1,40,1,7.93
670,30,1,1,0,19,1,7.33
671,15,1,0,1,23,1,7.98
672,23,1,0,1,47,2,8.29
673,40,1,1,1,28,3,8.5
674,23,1,0,0,44,4,8.08
675,28,1,0,0,36,2,8.44
676,29,1,1,1,19,6,8.42
677,25,1,0,1,31,1,8.62
678,46,1,1,1,45,1,8.3
679,19,1,0,0,55,1,8.5
680,36,1,1,0,23,1,7.83
681,47,1,1,1,70,4,8.71
682,54,0,1,0,52,5,8.29
683,40,1,1,1,25,3,8.39
684,4,1,0,1,21,2,8.12
685,28,1,1,0,43,2,7.82
686,42,1,0,0,68,1,8.62
687,8,1,1,0,30,1,8.51
688,32,1,1,0,51,1,8.57
689,26,1,0,0,53,3,7.68
690,43,1,0,0,60,2,8.27
691,31,1,0,0,29,1,8.24
692,35,1,1,0,53,1,8.49
693,31,1,0,0,44,1,8.41
694,33,1,0,0,66,1,8.16
695,35,1,1,0,62,3,8.57
696,18,1,0,0,30,1,8.55
697,21,1,0,1,31,1,8.56
698,49,1,0,0,43,2,7.93
699,14,1,0,1,33,2,8.04
700,26,1,1,0,41,3,8.37
701,32,1,0,0,26,1,7.94
702,17,1,1,0,47,3,8.24
703,43,1,0,0,59,7,8.6
704,35,1,0,1,50,2,8.2
705,26,1,0,0,70,3,7.77
706,51,1,1,0,64,3,8.13
707,20,1,1,0,26,5,8.43
708,36,1,0,0,30,2,8.49
709,36,1,1,0,59,3,8.38
710,44,1,0,0,40,2,7.49
711,33,1,1,1,46,2,8.46
712,11,1,1,0,26,2,8.17
713,39,1,0,1,59,2,8.66
714,54,0,0,1,55,4,8.31
715,54,0,0,0,43,5,8.53
716,47,1,1,1,18,6,7.9
717,16,1,0,1,68,3,8.45
718,35,1,1,0,46,1,7.83
719,22,1,0,1,21,2,7.99
720,22,1,0,0,60,1,8.48
721,26,1,0,0,58,2,8.37
722,20,1,0,1,55,2,7.99
723,27,1,0,0,59,3,8.54
724,31,1,0,0,31,2,8.23
725,49,1,0,0,61,2,8.14
726,14,1,1,0,49,1,7.66
727,26,1,0,1,21,2,8.45
728,32,1,1,1,31,3,8.21
729,43,1,0,0,57,3,8.2
730,29,1,0,1,51,5,8.45
731,39,1,1,1,28,2,7.95
732,32,1,0,0,59,3,8.25
733,54,0,0,0,67,2,8.53
734,39,1,1,1,67,5,8.33
735,13,1,1,0,38,1,7.83
736,32,1,0,1,48,1,8.27
737,40,1,0,0,51,6,8.22
738,38,1,0,0,60,3,8.26
739,18,1,0,0,38,4,8.37
740,22,1,0,0,47,3,8.66
741,37,1,0,1,49,1,8.19
742,26,1,0,0,32,2,8.36
743,13,1,1,0,17,3,8.58
744,11,1,0,0,19,1,8.27
745,37,1,1,0,40,2,8.66
746,28,1,1,0,31,1,8.12
747,28,1,0,0,38,2,8.06
748,21,1,1,1,36,1,8.52
749,28,1,0,0,65,5,8.22
750,46,1,0,0,65,1,7.89
751,28,1,0,0,55,3,8.15
752,28,1,0,0,39,4,8.56
753,14,1,0,1,26,2,8.29
754,24,1,1,0,23,2,8.06
755,31,1,0,1,41,3,8.42
756,31,1,1,1,19,2,8.16
757,49,1,1,0,68,3,8.29
758,23,1,0,0,59,1,8.63
759,50,1,0,0,37,2,8.39
760,41,1,0,0,53,1,8.36
761,42,1,0,1,56,4,7.6
762,36,1,0,0,24,3,8.37
763,52,1,0,1,17,3,8.31
764,30,1,0,1,50,1,8.33
765,42,1,1,0,41,4,8.44
766,35,1,1,0,31,2,8.63
767,26,1,1,0,26,3,8.38
768,54,0,1,1,63,3,8.18
769,32,1,1,1,25,1,8.28
770,19,1,1,0,23,1,8.25
771,31,1,1,0,67,1,8.02
772,28,1,1,1,24,2,8.27
773,29,1,0,0,36,3,8.18
774,53,1,1,0,61,3,8.11
775,39,1,0,0,59,1,8.24
776,44,1,1,0,55,2,8.75
777,19,1,1,0,53,2,8.36
778,31,1,0,1,57,1,8.52
779,39,1,0,0,69,1,8.54
780,8,1,0,0,24,4,8.43
781,39,1,1,1,52,2,8.26
782,31,1,0,0,32,2,8.02
783,15,1,0,0,34,1,8.53
784,27,1,0,1,52,1,8.18
785,39,1,0,0,69,2,8.42
786,30,1,0,0,49,1,8.64
787,13,1,1,0,25,3,8.33
788,29,1,1,1,25,2,8.23
789,34,1,0,0,41,1,8.23
790,17,1,0,0,35,3,8.36
791,26,1,0,1,48,2,7.95
792,39,1,0,0,28,2,8.44
793,22,1,1,1,18,1,8.09
794,32,1,0,1,30,1,8.14
795,14,1,0,0,46,2,8.17
796,26,1,0,0,42,2,8.43
797,49,1,1,0,32,5,8.03
798,21,1,0,0,49,3,8.04
799,19,1,1,1,33,2,8
800,54,0,1,0,63,1,8.4
801,30,1,0,0,66,2,7.8
802,21,1,0,1,26,2,8.44
803,38,1,0,0,65,2,8.54
804,29,1,1,1,24,3,8.01
805,54,0,0,1,58,3,8.5
806,34,1,0,0,45,3,8.43
807,47,1,1,0,43,6,8.52
808,31,1,1,0,29,7,8.3
809,27,1,1,0,54,2,8.5
810,35,1,1,0,43,5,7.98
811,37,1,1,1,50,1,8.47
812,30,1,1,0,52,2,8.42
813,29,1,1,0,59,2,8.31
814,22,1,0,0,49,3,8.33
815,24,1,0,0,58,1,8.31
816,29,1,1,0,28,4,7.81
817,26,1,1,0,61,2,8.24
818,26,1,0,1,47,4,8.55
819,27,1,0,0,48,1,8.01
820,34,1,1,1,63,2,8.41
821,7,1,1,1,53,1,7.6
822,45,1,1,0,63,2,8.09
823,40,1,0,0,29,1,8.23
824,21,1,1,0,41,3,8.62
825,41,1,0,0,21,3,8.48
826,32,1,0,1,66,3,8.22
827,26,1,0,0,25,1,8.58
828,27,1,0,0,20,2,8.5
829,42,1,0,1,60,3,8.01
830,45,1,1,0,63,4,8.4
831,40,1,0,0,52,2,8.08
832,19,1,0,0,30,1,8.12
833,32,1,0,1,23,1,8.33
834,36,1,1,1,48,4,8.23
835,18,1,0,1,53,3,8.44
836,40,1,0,0,66,1,8.75
837,34,1,0,0,29,1,8.08
838,54,0,0,1,60,1,7.88
839,37,1,1,0,41,1,8.6
840,23,1,0,0,63,3,8.22
841,28,1,1,1,47,4,8.3
842,38,1,0,0,40,2,8.52
843,27,1,1,0,35,2,7.93
844,32,1,1,0,60,1,7.71
845,46,1,1,0,67,2,8.37
846,21,1,1,0,35,3,7.93
847,42,1,0,0,56,4,8.36
848,4,1,1,0,24,1,8.25
849,20,1,1,0,54,1,8.57
850,38,1,1,0,35,7,8.66
851,52,1,1,0,37,3,8.4
852,20,1,0,0,43,2,8.09
853,33,1,0,0,29,3,8.6
854,31,1,0,0,39,3,8.37
855,24,1,0,0,63,1,8.57
856,10,1,0,0,60,1,8.35
857,34,1,1,0,37,2,8.57
858,36,1,0,0,45,1,8.27
859,50,1,0,0,62,4,8.24
860,26,1,1,1,56,2,8.3
861,37,1,0,1,49,2,7.69
862,41,1,1,0,46,2,8.33
863,22,1,0,0,65,1,8.24
864,47,1,1,1,68,4,7.3
865,26,1,1,0,23,3,8.49
866,22,1,1,1,69,2,8.06
867,40,1,1,0,69,2,8.09
868,41,1,1,0,43,1,8.32
869,38,1,0,1,64,1,8.39
870,27,1,1,0,52,4,8.03
871,42,1,0,0,42,4,8.08
872,27,1,1,0,38,1,7.91
873,20,1,0,0,24,2,7.92
874,31,1,0,1,65,2,8.02
875,33,1,0,0,26,2,8.18
876,43,1,1,0,62,3,8.28
877,20,1,0,0,43,2,8.41
878,30,1,1,1,34,1,8.54
879,25,1,0,0,24,2,8.27
880,36,1,0,0,21,2,8.21
881,20,1,0,0,18,3,8.22
882,47,1,1,1,46,2,8.35
883,26,1,0,1,49,1,8.53
884,27,1,0,1,55,2,8.45
885,30,1,1,0,25,2,8.63
886,34,1,1,0,39,1,8.04
887,34,1,0,0,64,4,8.38
888,48,1,0,0,68,2,8.81
889,14,1,1,0,25,1,8.61
890,24,1,0,0,51,1,8.09
891,42,1,1,1,57,1,7.41
892,42,1,0,1,69,1,8.54
893,40,1,1,1,68,2,7.79
894,24,1,0,0,34,1,8.2
895,37,1,0,0,68,3,8.43
896,30,1,1,1,48,1,8.51
897,13,1,1,0,20,4,8.7
898,40,1,1,0,60,2,8.28
899,45,1,1,0,61,4,8.4
900,41,1,1,0,62,3,8.28
901,50,1,1,0,50,1,8.48
902,52,1,1,1,58,2,8.7
903,33,1,1,1,43,2,8.51
904,42,1,1,1,57,1,8.13
905,22,1,1,0,18,5,8.31
906,49,1,0,0,67,5,8.66
907,54,0,1,1,58,3,8.2
908,19,1,0,0,33,4,8.38
909,36,1,1,0,31,1,8.26
910,36,1,1,1,54,4,7.07
911,15,1,1,1,26,3,8.42
912,54,0,1,0,64,6,8.4
913,19,1,0,1,64,1,8.28
914,41,1,0,0,70,1,8.7
915,31,1,0,0,37,2,8.55
916,30,1,1,0,54,2,8.18
917,8,1,1,0,22,1,8.44
918,50,1,0,0,62,2,8.26
919,19,1,0,0,62,1,7.79
920,20,1,0,0,30,1,8.36
921,40,1,1,0,24,2,8.25
922,33,1,0,0,45,1,8.37
923,21,1,1,1,26,2,8.84
924,52,1,1,1,62,1,8.53
925,21,1,0,1,28,2,8.6
926,25,1,0,0,66,2,8.49
927,29,1,0,0,38,2,8.1
928,19,1,0,0,28,1,8.33
929,31,1,1,0,30,1,8.27
930,49,1,1,0,52,1,8.13
931,13,1,0,0,24,1,8.75
932,3,1,0,1,19,1,7.94
933,22,1,0,0,38,1,8.53
934,31,1,1,0,42,1,8.13
935,34,1,0,0,50,1,8.04
936,39,1,0,1,63,1,7.7
937,47,1,1,1,66,2,8.29
938,32,1,0,1,61,3,8.56
939,12,1,0,0,17,2,8.52
940,38,1,1,1,57,1,8.08
941,31,1,1,0,39,1,8.69
942,31,1,1,0,50,3,8.64
943,33,1,0,1,58,1,8.46
944,47,1,0,0,70,2,8.36
945,35,1,0,0,53,2,8.52
946,37,1,0,0,53,1,7.97
947,46,1,1,0,44,1,8.39
948,7,1,0,0,51,1,7.91
949,16,1,0,0,18,5,8.31
950,34,1,0,1,39,4,8.5
951,50,1,1,1,45,1,8.43
952,46,1,1,1,50,2,8
953,36,1,0,1,67,1,8.63
954,13,1,1,1,17,2,8.39
955,26,1,0,0,53,3,8.53
956,36,1,0,0,52,1,8.38
957,46,1,0,0,58,3,8.28
958,28,1,0,1,24,3,8.52
959,17,1,0,0,52,2,8.02
960,25,1,1,0,33,4,8.65
961,40,1,1,0,37,1,8.66
962,12,1,0,1,24,4,8.07
963,33,1,0,0,35,2,8.37
964,52,1,1,0,69,3,8.39
965,33,1,1,0,56,4,8.32
966,41,1,0,1,66,1,8.54
967,17,1,0,0,51,3,7.64
968,46,1,1,0,54,2,8.2
969,13,1,1,0,18,5,8.48
970,20,1,0,0,37,2,8.08
971,32,1,0,0,65,7,8.12
972,13,1,1,0,18,1,8.37
973,21,1,1,0,24,1,8.31
974,40,1,0,0,21,3,8.27
975,23,1,0,0,31,2,8.21
976,15,1,1,0,19,1,8.32
977,31,1,1,0,68,2,8.37
978,36,1,0,0,27,6,8.48
979,50,1,1,0,56,2,8.19
980,26,1,0,0,37,2,8.02
981,5,1,1,0,36,2,8.09
982,41,1,1,1,58,5,8.44
983,32,1,1,0,30,2,8.18
984,19,1,0,0,47,3,8.23
985,46,1,1,0,23,3,7.91
986,40,1,0,0,43,4,8.08
987,25,1,0,0,66,2,8.11
988,6,1,1,1,21,1,8.48
989,33,1,1,0,56,3,8.34
990,47,1,1,0,26,1,7.87
991,51,1,1,0,38,1,8.32
992,28,1,0,0,31,4,8.45
993,46,1,0,0,60,5,8.66
994,31,1,0,0,31,2,7.94
995,33,1,0,1,52,1,7.97
996,9,1,0,0,66,2,8.56
997,32,1,1,1,41,3,8.44
998,47,1,1,1,24,3,8.22
999,6,1,0,1,21,2,8.5
1000,35,1,1,1,54,1,8.44
